id,xcentroid,ycentroid,RA,Dec,magnitude,observation_date,telescope,plate_center_RA_deg,plate_center_Dec_deg,band,mjd,link_id,observatory_code,mag_err,RA_err,Dec_err,image_frame_id,exposure_s,ml_probs
10,1412.5115594445597,15.264351598589418,345.19463121144656,21.055056845078692,19.29874206428942,2001-11-20T01:57:07,PALOM48,345.0098099362052,20.489553676724483,g,52233.08133101852,20011120015707c_10,644,0.22,0.7766453615432941,0.6708765431143464,20011120015707c,20,0.975434669
17,3501.687566107054,19.464902616980996,344.5694444023813,21.051029623515877,19.47290982872383,2001-11-20T01:57:07,PALOM48,345.0098099362052,20.489553676724483,g,52233.08133101852,20011120015707c_17,644,0.22,0.7766453615432941,0.6708765431143464,20011120015707c,20,0.44458994710518746
30,312.1772113559112,33.057611775912115,345.52395462009883,21.05078612119516,11.370600087988077,2001-11-20T01:57:07,PALOM48,345.0098099362052,20.489553676724483,g,52233.08133101852,20011120015707c_30,644,0.22,0.7766453615432941,0.6708765431143464,20011120015707c,20,0.8014162131519893
94,3503.293268396129,80.13152387189221,344.5691033724506,21.034098448742046,22.127480358109768,2001-11-20T01:57:07,PALOM48,345.0098099362052,20.489553676724483,g,52233.08133101852,20011120015707c_94,644,0.22,0.7766453615432941,0.6708765431143464,20011120015707c,20,0.15662444415165294
139,2797.3146862563417,124.77208103779054,344.7804149094037,21.022840029505605,17.889465828189856,2001-11-20T01:57:07,PALOM48,345.0098099362052,20.489553676724483,g,52233.08133101852,20011120015707c_139,644,0.22,0.7766453615432941,0.6708765431143464,20011120015707c,20,0.9301128705311602
145,2800.626806532016,130.30393232530494,344.7794345183027,21.02129164,17.767134912355637,2001-11-20T01:57:07,PALOM48,345.0098099362052,20.489553676724483,g,52233.08133101852,20011120015707c_145,644,0.22,0.7766453615432941,0.6708765431143464,20011120015707c,20,0.9947273340548207
390,3308.712629532131,324.91464752431483,344.6278544407372,20.966148603192618,19.32712758091024,2001-11-20T01:57:07,PALOM48,345.0098099362052,20.489553676724483,g,52233.08133101852,20011120015707c_390,644,0.22,0.7766453615432941,0.6708765431143464,20011120015707c,20,0.9930313426601137
530,2419.9870383227776,461.0657922982223,344.8938776,20.929571275345246,20.708665745685973,2001-11-20T01:57:07,PALOM48,345.0098099362052,20.489553676724483,g,52233.08133101852,20011120015707c_530,644,0.22,0.7766453615432941,0.6708765431143464,20011120015707c,20,0.43883743132556896
570,3638.357240087708,491.0037936669956,344.52966793431506,20.919183812358973,15.129288532324953,2001-11-20T01:57:07,PALOM48,345.0098099362052,20.489553676724483,g,52233.08133101852,20011120015707c_570,644,0.22,0.7766453615432941,0.6708765431143464,20011120015707c,20,0.45866509344344314
654,2251.476977589618,568.6881288536912,344.9444362034133,20.89977550583268,18.80246144185667,2001-11-20T01:57:07,PALOM48,345.0098099362052,20.489553676724483,g,52233.08133101852,20011120015707c_654,644,0.22,0.7766453615432941,0.6708765431143464,20011120015707c,20,0.9263198785528116
713,1620.1899877315104,616.5263676252691,345.13322838102874,20.887173855841347,18.932220616631884,2001-11-20T01:57:07,PALOM48,345.0098099362052,20.489553676724483,g,52233.08133101852,20011120015707c_713,644,0.22,0.7766453615432941,0.6708765431143464,20011120015707c,20,0.9999971283132428
736,2269.675968133322,633.5453275709164,344.93909944254466,20.88165794366925,22.31965455747852,2001-11-20T01:57:07,PALOM48,345.0098099362052,20.489553676724483,g,52233.08133101852,20011120015707c_736,644,0.22,0.7766453615432941,0.6708765431143464,20011120015707c,20,0.7139248378829431
844,441.21723051963613,724.1754479971395,345.4857475559954,20.85805913823728,20.78027329828031,2001-11-20T01:57:07,PALOM48,345.0098099362052,20.489553676724483,g,52233.08133101852,20011120015707c_844,644,0.22,0.7766453615432941,0.6708765431143464,20011120015707c,20,0.036152805977547504
922,3369.0052129215605,795.8785861975188,344.6108655411403,20.83461196416089,19.76523246822644,2001-11-20T01:57:07,PALOM48,345.0098099362052,20.489553676724483,g,52233.08133101852,20011120015707c_922,644,0.22,0.7766453615432941,0.6708765431143464,20011120015707c,20,0.904995177
955,2632.9776962825167,822.981411,344.83084407145805,20.828288041032906,20.32020748013487,2001-11-20T01:57:07,PALOM48,345.0098099362052,20.489553676724483,g,52233.08133101852,20011120015707c_955,644,0.22,0.7766453615432941,0.6708765431143464,20011120015707c,20,0.9303256675664913
993,3999.6328262994257,853.1304879290789,344.4225954,20.817373125184844,18.838213014867215,2001-11-20T01:57:07,PALOM48,345.0098099362052,20.489553676724483,g,52233.08133101852,20011120015707c_993,644,0.22,0.7766453615432941,0.6708765431143464,20011120015707c,20,0.9033927646678649
1030,1090.1896881290945,890.6397403,345.29193111711106,20.81121313477903,17.704927401852544,2001-11-20T01:57:07,PALOM48,345.0098099362052,20.489553676724483,g,52233.08133101852,20011120015707c_1030,644,0.22,0.7766453615432941,0.6708765431143464,20011120015707c,20,0.433819971
1036,2645.889822627243,895.4807694501877,344.82711676104975,20.808039447335954,21.032838336698212,2001-11-20T01:57:07,PALOM48,345.0098099362052,20.489553676724483,g,52233.08133101852,20011120015707c_1036,644,0.22,0.7766453615432941,0.6708765431143464,20011120015707c,20,0.13527609078964162
1047,1228.8300298300524,900.8146054136446,345.25051581740905,20.808257875798773,17.25047412580918,2001-11-20T01:57:07,PALOM48,345.0098099362052,20.489553676724483,g,52233.08133101852,20011120015707c_1047,644,0.22,0.7766453615432941,0.6708765431143464,20011120015707c,20,0.3641958840035091
1104,1449.6671040431304,952.5545429853365,345.18459060354814,20.793620957254785,21.330652425503605,2001-11-20T01:57:07,PALOM48,345.0098099362052,20.489553676724483,g,52233.08133101852,20011120015707c_1104,644,0.22,0.7766453615432941,0.6708765431143464,20011120015707c,20,0.9807761859676276
1172,1106.4696180685835,999.2355655,345.2871701841728,20.78091348420026,21.65897665360228,2001-11-20T01:57:07,PALOM48,345.0098099362052,20.489553676724483,g,52233.08133101852,20011120015707c_1172,644,0.22,0.7766453615432941,0.6708765431143464,20011120015707c,20,0.028124534
1277,23.23175503282407,1082.2380155034275,345.6108083072695,20.75840833320411,18.2612888,2001-11-20T01:57:07,PALOM48,345.0098099362052,20.489553676724483,g,52233.08133101852,20011120015707c_1277,644,0.22,0.7766453615432941,0.6708765431143464,20011120015707c,20,0.5
1278,234.65931395803747,1083.5184124178106,345.5476564,20.757967718054555,20.89940507955635,2001-11-20T01:57:07,PALOM48,345.0098099362052,20.489553676724483,g,52233.08133101852,20011120015707c_1278,644,0.22,0.7766453615432941,0.6708765431143464,20011120015707c,20,0.8960934467523111
1279,525.6881043168393,1082.9633112288927,345.4607268555695,20.757973994536272,19.541849081492167,2001-11-20T01:57:07,PALOM48,345.0098099362052,20.489553676724483,g,52233.08133101852,20011120015707c_1279,644,0.22,0.7766453615432941,0.6708765431143464,20011120015707c,20,0.4398223235183065
1280,613.7297822837324,1083.5967322046968,345.43442952889336,20.757744828703924,18.77597354303659,2001-11-20T01:57:07,PALOM48,345.0098099362052,20.489553676724483,g,52233.08133101852,20011120015707c_1280,644,0.22,0.7766453615432941,0.6708765431143464,20011120015707c,20,0.986298671
1282,262.1022032,1083.7504491596837,345.5394594240938,20.75789066915866,18.900163786050477,2001-11-20T01:57:07,PALOM48,345.0098099362052,20.489553676724483,g,52233.08133101852,20011120015707c_1282,644,0.22,0.7766453615432941,0.6708765431143464,20011120015707c,20,0.8950231014430483
1283,627.3329551625329,1083.7389576536518,345.43036640937663,20.757696735295827,19.43480420520949,2001-11-20T01:57:07,PALOM48,345.0098099362052,20.489553676724483,g,52233.08133101852,20011120015707c_1283,644,0.22,0.7766453615432941,0.6708765431143464,20011120015707c,20,0.7436674753434744
1314,412.84655972679207,1110.270383282452,345.49444774894835,20.75042208999255,17.94350908340845,2001-11-20T01:57:07,PALOM48,345.0098099362052,20.489553676724483,g,52233.08133101852,20011120015707c_1314,644,0.22,0.7766453615432941,0.6708765431143464,20011120015707c,20,0.18595190774094217
1338,3634.2348424205957,1129.6599714321505,344.53240309308336,20.74094373544046,12.536120563270828,2001-11-20T01:57:07,PALOM48,345.0098099362052,20.489553676724483,g,52233.08133101852,20011120015707c_1338,644,0.22,0.7766453615432941,0.6708765431143464,20011120015707c,20,0.9999999676313749
1366,3056.625468617958,1155.3797554769935,344.7049337828369,20.734844020651742,17.37593769568432,2001-11-20T01:57:07,PALOM48,345.0098099362052,20.489553676724483,g,52233.08133101852,20011120015707c_1366,644,0.22,0.7766453615432941,0.6708765431143464,20011120015707c,20,0.2987201115802179
1597,2984.0681160061627,1313.1509013716131,344.7269129929065,20.690939092100503,19.338114603367927,2001-11-20T01:57:07,PALOM48,345.0098099362052,20.489553676724483,g,52233.08133101852,20011120015707c_1597,644,0.22,0.7766453615432941,0.6708765431143464,20011120015707c,20,0.7550827515941191
1689,57.49265099175447,1388.006506310788,345.6006877,20.67314695,19.576111846746343,2001-11-20T01:57:07,PALOM48,345.0098099362052,20.489553676724483,g,52233.08133101852,20011120015707c_1689,644,0.22,0.7766453615432941,0.6708765431143464,20011120015707c,20,0.8914915981846999
1691,780.2376205178024,1388.149444425287,345.3849281578129,20.672703342687242,19.224115744713284,2001-11-20T01:57:07,PALOM48,345.0098099362052,20.489553676724483,g,52233.08133101852,20011120015707c_1691,644,0.22,0.7766453615432941,0.6708765431143464,20011120015707c,20,0.058125526
1807,286.7610449244293,1473.8458077828532,345.53228704836675,20.64910930686226,18.875033636912374,2001-11-20T01:57:07,PALOM48,345.0098099362052,20.489553676724483,g,52233.08133101852,20011120015707c_1807,644,0.22,0.7766453615432941,0.6708765431143464,20011120015707c,20,0.9503960031616401
1810,70.46419753436838,1474.4239566218341,345.59684758981865,20.649047248746395,19.804259989686553,2001-11-20T01:57:07,PALOM48,345.0098099362052,20.489553676724483,g,52233.08133101852,20011120015707c_1810,644,0.22,0.7766453615432941,0.6708765431143464,20011120015707c,20,0.30234773847675156
1811,359.6287131980687,1474.9839245991102,345.51053805060224,20.648753770459397,18.913716131732464,2001-11-20T01:57:07,PALOM48,345.0098099362052,20.489553676724483,g,52233.08133101852,20011120015707c_1811,644,0.22,0.7766453615432941,0.6708765431143464,20011120015707c,20,0.11195645527576939
1946,3093.705185930893,1567.2626857469963,344.6947026205089,20.61982705,17.83306509966881,2001-11-20T01:57:07,PALOM48,345.0098099362052,20.489553676724483,g,52233.08133101852,20011120015707c_1946,644,0.22,0.7766453615432941,0.6708765431143464,20011120015707c,20,0.006641717
2002,79.01587351,1608.5656661691214,345.59434555948013,20.611641991822324,20.40446676003483,2001-11-20T01:57:07,PALOM48,345.0098099362052,20.489553676724483,g,52233.08133101852,20011120015707c_2002,644,0.22,0.7766453615432941,0.6708765431143464,20011120015707c,20,0.996242482
2007,3741.430770053793,1609.583535550646,344.5015467304564,20.60676081045143,18.649266633498307,2001-11-20T01:57:07,PALOM48,345.0098099362052,20.489553676724483,g,52233.08133101852,20011120015707c_2007,644,0.22,0.7766453615432941,0.6708765431143464,20011120015707c,20,0.48098592544103824
2008,3325.1540705811335,1609.8466425741171,344.62573687044403,20.607515302155846,18.90058160628554,2001-11-20T01:57:07,PALOM48,345.0098099362052,20.489553676724483,g,52233.08133101852,20011120015707c_2008,644,0.22,0.7766453615432941,0.6708765431143464,20011120015707c,20,0.40644195430470176
2009,3460.0283450979678,1609.7227424705577,344.5854981061988,20.60729020464423,18.551684032484747,2001-11-20T01:57:07,PALOM48,345.0098099362052,20.489553676724483,g,52233.08133101852,20011120015707c_2009,644,0.22,0.7766453615432941,0.6708765431143464,20011120015707c,20,0.3830050844095542
2010,3505.275573829934,1609.7773375214465,344.57199932437186,20.607186007570537,18.660714295791372,2001-11-20T01:57:07,PALOM48,345.0098099362052,20.489553676724483,g,52233.08133101852,20011120015707c_2010,644,0.22,0.7766453615432941,0.6708765431143464,20011120015707c,20,0.4292687996193489
2011,3537.8528460080065,1609.7850317566615,344.56228040948207,20.607119239041943,18.75112659608667,2001-11-20T01:57:07,PALOM48,345.0098099362052,20.489553676724483,g,52233.08133101852,20011120015707c_2011,644,0.22,0.7766453615432941,0.6708765431143464,20011120015707c,20,0.29763808408570697
2012,3668.2435085141346,1609.679217161708,344.5233806,20.606885333313784,18.777475274152966,2001-11-20T01:57:07,PALOM48,345.0098099362052,20.489553676724483,g,52233.08133101852,20011120015707c_2012,644,0.22,0.7766453615432941,0.6708765431143464,20011120015707c,20,0.848405105
2013,3781.7594653443725,1609.5170208950879,344.48951559328106,20.60669501063612,18.859244527752338,2001-11-20T01:57:07,PALOM48,345.0098099362052,20.489553676724483,g,52233.08133101852,20011120015707c_2013,644,0.22,0.7766453615432941,0.6708765431143464,20011120015707c,20,0.9943758096095732
2125,177.2500440975975,1702.422558395575,345.56507213273704,20.585426909656018,19.245419548792814,2001-11-20T01:57:07,PALOM48,345.0098099362052,20.489553676724483,g,52233.08133101852,20011120015707c_2125,644,0.22,0.7766453615432941,0.6708765431143464,20011120015707c,20,0.14502056959856638
2132,2499.6748220223594,1703.5602777957363,344.8721871812795,20.582774144210887,17.683156986600448,2001-11-20T01:57:07,PALOM48,345.0098099362052,20.489553676724483,g,52233.08133101852,20011120015707c_2132,644,0.22,0.7766453615432941,0.6708765431143464,20011120015707c,20,0.9999999999922623
2189,2346.1065002095984,1748.068115562719,344.91807275603065,20.570583974551198,18.064087653774383,2001-11-20T01:57:07,PALOM48,345.0098099362052,20.489553676724483,g,52233.08133101852,20011120015707c_2189,644,0.22,0.7766453615432941,0.6708765431143464,20011120015707c,20,0.9681371982191134
2216,3531.1291119535913,1762.977129069285,344.5646349751411,20.564370287546936,19.71171306207785,2001-11-20T01:57:07,PALOM48,345.0098099362052,20.489553676724483,g,52233.08133101852,20011120015707c_2216,644,0.22,0.7766453615432941,0.6708765431143464,20011120015707c,20,0.6258517618462988
2394,3985.0142271496757,1904.6710864328377,344.42962641703076,20.52385758769388,18.514095118468653,2001-11-20T01:57:07,PALOM48,345.0098099362052,20.489553676724483,g,52233.08133101852,20011120015707c_2394,644,0.22,0.7766453615432941,0.6708765431143464,20011120015707c,20,0.7794086077140027
2395,3991.181024581028,1904.6023222675199,344.4277876234004,20.523863119988025,18.49195841159117,2001-11-20T01:57:07,PALOM48,345.0098099362052,20.489553676724483,g,52233.08133101852,20011120015707c_2395,644,0.22,0.7766453615432941,0.6708765431143464,20011120015707c,20,0.919256005
2452,473.8980933460291,1950.8741845077723,345.4767120358232,20.515976690421336,19.295887789785155,2001-11-20T01:57:07,PALOM48,345.0098099362052,20.489553676724483,g,52233.08133101852,20011120015707c_2452,644,0.22,0.7766453615432941,0.6708765431143464,20011120015707c,20,0.917995481
2491,247.96213444351181,1977.5901717026577,345.54410262397806,20.50865976712734,18.507468839053757,2001-11-20T01:57:07,PALOM48,345.0098099362052,20.489553676724483,g,52233.08133101852,20011120015707c_2491,644,0.22,0.7766453615432941,0.6708765431143464,20011120015707c,20,0.9864603767531207
2539,393.48487946187856,2016.0164781273136,345.50072804563945,20.497860000387686,20.139662180870793,2001-11-20T01:57:07,PALOM48,345.0098099362052,20.489553676724483,g,52233.08133101852,20011120015707c_2539,644,0.22,0.7766453615432941,0.6708765431143464,20011120015707c,20,0.089562013
2553,3804.8941676390646,2027.5377602620463,344.48362717749126,20.489947674913026,17.595550486843443,2001-11-20T01:57:07,PALOM48,345.0098099362052,20.489553676724483,g,52233.08133101852,20011120015707c_2553,644,0.22,0.7766453615432941,0.6708765431143464,20011120015707c,20,0.47101681723965577
2567,4076.0199645423445,2041.9432728277034,344.4028461358191,20.48532816499782,19.891739184904843,2001-11-20T01:57:07,PALOM48,345.0098099362052,20.489553676724483,g,52233.08133101852,20011120015707c_2567,644,0.22,0.7766453615432941,0.6708765431143464,20011120015707c,20,0
2568,2042.6526034901942,2042.927999322461,345.00902330072876,20.488733070315835,16.00641941,2001-11-20T01:57:07,PALOM48,345.0098099362052,20.489553676724483,g,52233.08133101852,20011120015707c_2568,644,0.22,0.7766453615432941,0.6708765431143464,20011120015707c,20,0.9946625362701422
2626,426.0719368897218,2077.6707869692127,345.4910456051004,20.480645490575835,22.001878444195015,2001-11-20T01:57:07,PALOM48,345.0098099362052,20.489553676724483,g,52233.08133101852,20011120015707c_2626,644,0.22,0.7766453615432941,0.6708765431143464,20011120015707c,20,0.013415764028562895
2628,1476.0903985801249,2078.0033336451393,345.1779866647819,20.479642410603084,22.915934567272004,2001-11-20T01:57:07,PALOM48,345.0098099362052,20.489553676724483,g,52233.08133101852,20011120015707c_2628,644,0.22,0.7766453615432941,0.6708765431143464,20011120015707c,20,0.13710754513603202
2669,2831.217709974796,2108.5846416829645,344.77404558570237,20.46920101865689,19.144773922463312,2001-11-20T01:57:07,PALOM48,345.0098099362052,20.489553676724483,g,52233.08133101852,20011120015707c_2669,644,0.22,0.7766453615432941,0.6708765431143464,20011120015707c,20,0.7955046199252356
2670,3879.081018710523,2108.451916074767,344.4617118770603,20.46719726165673,18.925142123566605,2001-11-20T01:57:07,PALOM48,345.0098099362052,20.489553676724483,g,52233.08133101852,20011120015707c_2670,644,0.22,0.7766453615432941,0.6708765431143464,20011120015707c,20,0.18665041954460987
2673,2718.6143068429647,2109.0618743539153,344.8076125249509,20.469257858134632,19.023179437077975,2001-11-20T01:57:07,PALOM48,345.0098099362052,20.489553676724483,g,52233.08133101852,20011120015707c_2673,644,0.22,0.7766453615432941,0.6708765431143464,20011120015707c,20,0.3200110016119871
2674,2906.5377341004014,2109.0653441086783,344.7515945403582,20.468936563829633,19.21218533098485,2001-11-20T01:57:07,PALOM48,345.0098099362052,20.489553676724483,g,52233.08133101852,20011120015707c_2674,644,0.22,0.7766453615432941,0.6708765431143464,20011120015707c,20,0.13819890609028704
2675,3713.8360576006594,2108.725974,344.5109631729041,20.467475242404547,19.138666722052186,2001-11-20T01:57:07,PALOM48,345.0098099362052,20.489553676724483,g,52233.08133101852,20011120015707c_2675,644,0.22,0.7766453615432941,0.6708765431143464,20011120015707c,20,0.8917491416313348
2676,3788.8790734005656,2109.038086958999,344.4885975,20.467228634157127,19.230135013981915,2001-11-20T01:57:07,PALOM48,345.0098099362052,20.489553676724483,g,52233.08133101852,20011120015707c_2676,644,0.22,0.7766453615432941,0.6708765431143464,20011120015707c,20,0.27671914320019364
2728,728.9136942914197,2142.918044619314,345.40080099143444,20.46223515995207,21.826089299620264,2001-11-20T01:57:07,PALOM48,345.0098099362052,20.489553676724483,g,52233.08133101852,20011120015707c_2728,644,0.22,0.7766453615432941,0.6708765431143464,20011120015707c,20,0.8537865776838107
2821,1330.8691465339289,2207.365062122017,345.2214196913754,20.443708958491776,20.640730718720157,2001-11-20T01:57:07,PALOM48,345.0098099362052,20.489553676724483,g,52233.08133101852,20011120015707c_2821,644,0.22,0.7766453615432941,0.6708765431143464,20011120015707c,20,0.057944733
2825,73.21456988461667,2213.045493248189,345.5962985509291,20.443090793924437,22.67767806878711,2001-11-20T01:57:07,PALOM48,345.0098099362052,20.489553676724483,g,52233.08133101852,20011120015707c_2825,644,0.22,0.7766453615432941,0.6708765431143464,20011120015707c,20,0.16250405661610043
2899,2578.1222855801184,2263.938782916538,344.84976201180217,20.42626250379041,17.87977697275243,2001-11-20T01:57:07,PALOM48,345.0098099362052,20.489553676724483,g,52233.08133101852,20011120015707c_2899,644,0.22,0.7766453615432941,0.6708765431143464,20011120015707c,20,0.6894602229731135
2928,1855.8773394198968,2281.8046898932416,345.0650314538467,20.42232543278159,20.383391010939448,2001-11-20T01:57:07,PALOM48,345.0098099362052,20.489553676724483,g,52233.08133101852,20011120015707c_2928,644,0.22,0.7766453615432941,0.6708765431143464,20011120015707c,20,0.9920154061930305
2950,55.64814770654729,2301.1085236972567,345.6015655981308,20.41854242356888,20.001238882111537,2001-11-20T01:57:07,PALOM48,345.0098099362052,20.489553676724483,g,52233.08133101852,20011120015707c_2950,644,0.22,0.7766453615432941,0.6708765431143464,20011120015707c,20,0.2839538097835454
2951,234.6418698633631,2300.896655282013,345.5482209104489,20.41850695,19.491921862838186,2001-11-20T01:57:07,PALOM48,345.0098099362052,20.489553676724483,g,52233.08133101852,20011120015707c_2951,644,0.22,0.7766453615432941,0.6708765431143464,20011120015707c,20,0.6797867606666094
2952,994.1476036,2301.366776002722,345.3218691680163,20.417815278647694,20.607023501039993,2001-11-20T01:57:07,PALOM48,345.0098099362052,20.489553676724483,g,52233.08133101852,20011120015707c_2952,644,0.22,0.7766453615432941,0.6708765431143464,20011120015707c,20,0.083902156
2979,954.9194068938801,2321.066245342826,345.3335767589051,20.412355422203877,18.374330752565577,2001-11-20T01:57:07,PALOM48,345.0098099362052,20.489553676724483,g,52233.08133101852,20011120015707c_2979,644,0.22,0.7766453615432941,0.6708765431143464,20011120015707c,20,0.9907419376699776
2995,1319.6976033798248,2333.7636061065964,345.2248818535981,20.40845787990237,18.178791495306783,2001-11-20T01:57:07,PALOM48,345.0098099362052,20.489553676724483,g,52233.08133101852,20011120015707c_2995,644,0.22,0.7766453615432941,0.6708765431143464,20011120015707c,20,0.9646507115276645
3007,1283.1577554000955,2344.389098301477,345.2357817257726,20.405531878073923,19.655096207098502,2001-11-20T01:57:07,PALOM48,345.0098099362052,20.489553676724483,g,52233.08133101852,20011120015707c_3007,644,0.22,0.7766453615432941,0.6708765431143464,20011120015707c,20,0.11120741995274493
3010,283.64290083095113,2344.731388998652,345.5336382089397,20.406253864438124,22.942305109101774,2001-11-20T01:57:07,PALOM48,345.0098099362052,20.489553676724483,g,52233.08133101852,20011120015707c_3010,644,0.22,0.7766453615432941,0.6708765431143464,20011120015707c,20,0.6161400271795839
3012,806.2003434,2346.0992700217844,345.3779161942413,20.40550059709642,20.725949870815377,2001-11-20T01:57:07,PALOM48,345.0098099362052,20.489553676724483,g,52233.08133101852,20011120015707c_3012,644,0.22,0.7766453615432941,0.6708765431143464,20011120015707c,20,0.22015667010436885
3030,778.0454526375484,2356.381455842984,345.3863140488449,20.40265570300521,21.77899729303925,2001-11-20T01:57:07,PALOM48,345.0098099362052,20.489553676724483,g,52233.08133101852,20011120015707c_3030,644,0.22,0.7766453615432941,0.6708765431143464,20011120015707c,20,0.19850382495111132
3055,2823.1812484892102,2369.783386547899,344.7769305767109,20.396311026999996,20.680740601496822,2001-11-20T01:57:07,PALOM48,345.0098099362052,20.489553676724483,g,52233.08133101852,20011120015707c_3055,644,0.22,0.7766453615432941,0.6708765431143464,20011120015707c,20,0.6891083501810142
3149,1444.3644052377795,2426.805381378374,345.1878344355127,20.38236430307988,21.198906383042953,2001-11-20T01:57:07,PALOM48,345.0098099362052,20.489553676724483,g,52233.08133101852,20011120015707c_3149,644,0.22,0.7766453615432941,0.6708765431143464,20011120015707c,20,0.5513242712726422
3158,1850.546823964388,2430.344150924928,345.06681857199993,20.380884834134985,19.303322373166033,2001-11-20T01:57:07,PALOM48,345.0098099362052,20.489553676724483,g,52233.08133101852,20011120015707c_3158,644,0.22,0.7766453615432941,0.6708765431143464,20011120015707c,20,0.9704827510713292
3191,1916.1632911973393,2450.121975639111,345.0472959235045,20.37527956460484,20.50429817555532,2001-11-20T01:57:07,PALOM48,345.0098099362052,20.489553676724483,g,52233.08133101852,20011120015707c_3191,644,0.22,0.7766453615432941,0.6708765431143464,20011120015707c,20,0.018607468738211418
3257,2874.5624355353084,2495.4329826345734,344.76186028111505,20.36114958163427,18.951642019517113,2001-11-20T01:57:07,PALOM48,345.0098099362052,20.489553676724483,g,52233.08133101852,20011120015707c_3257,644,0.22,0.7766453615432941,0.6708765431143464,20011120015707c,20,0.9924369170714435
3263,1292.9516954505095,2501.8058771285146,345.2330250847167,20.361604745094365,21.336572351799283,2001-11-20T01:57:07,PALOM48,345.0098099362052,20.489553676724483,g,52233.08133101852,20011120015707c_3263,644,0.22,0.7766453615432941,0.6708765431143464,20011120015707c,20,0.4818651136439525
3303,267.4504282084103,2527.091803537994,345.5385484109684,20.355405858503975,17.079528699441585,2001-11-20T01:57:07,PALOM48,345.0098099362052,20.489553676724483,g,52233.08133101852,20011120015707c_3303,644,0.22,0.7766453615432941,0.6708765431143464,20011120015707c,20,0.022135665810405974
3313,319.60458485621376,2532.007543456913,345.5230140281329,20.354002677545328,12.356588420416529,2001-11-20T01:57:07,PALOM48,345.0098099362052,20.489553676724483,g,52233.08133101852,20011120015707c_3313,644,0.22,0.7766453615432941,0.6708765431143464,20011120015707c,20,0.9965309075560058
3322,799.5009014756081,2535.8234012009098,345.3800562969336,20.35258480367355,20.284462861148068,2001-11-20T01:57:07,PALOM48,345.0098099362052,20.489553676724483,g,52233.08133101852,20011120015707c_3322,644,0.22,0.7766453615432941,0.6708765431143464,20011120015707c,20,0.845898702
3348,425.16678782892404,2558.545358613674,345.49158174435706,20.346532181373473,18.777363337307257,2001-11-20T01:57:07,PALOM48,345.0098099362052,20.489553676724483,g,52233.08133101852,20011120015707c_3348,644,0.22,0.7766453615432941,0.6708765431143464,20011120015707c,20,0.19004769298032595
3423,1496.074990675509,2604.152981427054,345.17262920684954,20.332824388169747,22.205939689136542,2001-11-20T01:57:07,PALOM48,345.0098099362052,20.489553676724483,g,52233.08133101852,20011120015707c_3423,644,0.22,0.7766453615432941,0.6708765431143464,20011120015707c,20,0.016575436
3458,1460.9972735311028,2632.714948669737,345.18310908435177,20.32489578,18.999119036777877,2001-11-20T01:57:07,PALOM48,345.0098099362052,20.489553676724483,g,52233.08133101852,20011120015707c_3458,644,0.22,0.7766453615432941,0.6708765431143464,20011120015707c,20,0.9921475635572105
3487,176.99032035107984,2656.5537970296145,345.56555004280483,20.31935421616898,17.76547003384649,2001-11-20T01:57:07,PALOM48,345.0098099362052,20.489553676724483,g,52233.08133101852,20011120015707c_3487,644,0.22,0.7766453615432941,0.6708765431143464,20011120015707c,20,0.014778172474723926
3507,2939.1342097639667,2665.394277774744,344.7429541043373,20.313592386188134,18.948782294135235,2001-11-20T01:57:07,PALOM48,345.0098099362052,20.489553676724483,g,52233.08133101852,20011120015707c_3507,644,0.22,0.7766453615432941,0.6708765431143464,20011120015707c,20,0.7702824059943696
3594,1033.2292779535849,2727.045549882649,345.3105983299795,20.29903041358492,14.432824121576248,2001-11-20T01:57:07,PALOM48,345.0098099362052,20.489553676724483,g,52233.08133101852,20011120015707c_3594,644,0.22,0.7766453615432941,0.6708765431143464,20011120015707c,20,0.5312459297723549
3620,1729.4388535473074,2746.7571712816316,345.1033021,20.292749869149386,20.879558512428012,2001-11-20T01:57:07,PALOM48,345.0098099362052,20.489553676724483,g,52233.08133101852,20011120015707c_3620,644,0.22,0.7766453615432941,0.6708765431143464,20011120015707c,20,0.38047469616684293
3627,1020.2839454019419,2752.582829968538,345.3144756158878,20.291918703965607,19.625220453036476,2001-11-20T01:57:07,PALOM48,345.0098099362052,20.489553676724483,g,52233.08133101852,20011120015707c_3627,644,0.22,0.7766453615432941,0.6708765431143464,20011120015707c,20,0.020991813
3628,364.08811762499954,2754.2274942863105,345.50987680853564,20.291996365404252,18.433609349900333,2001-11-20T01:57:07,PALOM48,345.0098099362052,20.489553676724483,g,52233.08133101852,20011120015707c_3628,644,0.22,0.7766453615432941,0.6708765431143464,20011120015707c,20,0.738370804
3631,2473.4865642446453,2755.475011,344.8817685903074,20.28924379385996,22.797094177179666,2001-11-20T01:57:07,PALOM48,345.0098099362052,20.489553676724483,g,52233.08133101852,20011120015707c_3631,644,0.22,0.7766453615432941,0.6708765431143464,20011120015707c,20,0.20245674088458152
3649,3949.3865641711386,2763.7822833782434,344.4423889355872,20.284068775463663,18.576370043049245,2001-11-20T01:57:07,PALOM48,345.0098099362052,20.489553676724483,g,52233.08133101852,20011120015707c_3649,644,0.22,0.7766453615432941,0.6708765431143464,20011120015707c,20,0.074280953
3759,326.46602071523307,2844.6886669932933,345.52112426186255,20.26679122026502,18.751701500564103,2001-11-20T01:57:07,PALOM48,345.0098099362052,20.489553676724483,g,52233.08133101852,20011120015707c_3759,644,0.22,0.7766453615432941,0.6708765431143464,20011120015707c,20,0.7921342463115438
3760,354.70892176735583,2845.194807745218,345.5127158325927,20.266631108732543,18.60153351965095,2001-11-20T01:57:07,PALOM48,345.0098099362052,20.489553676724483,g,52233.08133101852,20011120015707c_3760,644,0.22,0.7766453615432941,0.6708765431143464,20011120015707c,20,0.052074470123070496
3761,631.1893476279344,2845.3425922243828,345.4304001740126,20.266385764090064,18.660571688335754,2001-11-20T01:57:07,PALOM48,345.0098099362052,20.489553676724483,g,52233.08133101852,20011120015707c_3761,644,0.22,0.7766453615432941,0.6708765431143464,20011120015707c,20,0.16814644473227716
3762,1031.6775747175845,2845.3851916250574,345.3111643776042,20.266018153988686,18.428776725840002,2001-11-20T01:57:07,PALOM48,345.0098099362052,20.489553676724483,g,52233.08133101852,20011120015707c_3762,644,0.22,0.7766453615432941,0.6708765431143464,20011120015707c,20,0.11396371147283219
3763,1043.0836836789458,2845.1890815623397,345.3077683224596,20.26606169262399,18.509050469705123,2001-11-20T01:57:07,PALOM48,345.0098099362052,20.489553676724483,g,52233.08133101852,20011120015707c_3763,644,0.22,0.7766453615432941,0.6708765431143464,20011120015707c,20,0.1433017212699736
3764,1282.5084238391678,2845.153485048333,345.23648586847554,20.265823824228576,18.804724068758013,2001-11-20T01:57:07,PALOM48,345.0098099362052,20.489553676724483,g,52233.08133101852,20011120015707c_3764,644,0.22,0.7766453615432941,0.6708765431143464,20011120015707c,20,0.702624917
3765,1357.8760911874733,2845.469736324274,345.2140475987318,20.265652330126397,18.999450566712547,2001-11-20T01:57:07,PALOM48,345.0098099362052,20.489553676724483,g,52233.08133101852,20011120015707c_3765,644,0.22,0.7766453615432941,0.6708765431143464,20011120015707c,20,0.007317183
3766,1467.1743623592183,2845.4737140991638,345.1815072747932,20.26552600756967,18.47408360797875,2001-11-20T01:57:07,PALOM48,345.0098099362052,20.489553676724483,g,52233.08133101852,20011120015707c_3766,644,0.22,0.7766453615432941,0.6708765431143464,20011120015707c,20,0.018266741835766105
3767,1634.5081916925806,2845.0332863726085,345.1316884065444,20.265446953455214,18.64967789536881,2001-11-20T01:57:07,PALOM48,345.0098099362052,20.489553676724483,g,52233.08133101852,20011120015707c_3767,644,0.22,0.7766453615432941,0.6708765431143464,20011120015707c,20,0.8321978355052313
3768,1791.0722018745248,2845.3397586571455,345.08507725661616,20.265161260990606,18.75668070639647,2001-11-20T01:57:07,PALOM48,345.0098099362052,20.489553676724483,g,52233.08133101852,20011120015707c_3768,644,0.22,0.7766453615432941,0.6708765431143464,20011120015707c,20,0.060034788
3769,1851.2096461901897,2845.6250640846565,345.0671739209142,20.265001871071515,18.74955776582579,2001-11-20T01:57:07,PALOM48,345.0098099362052,20.489553676724483,g,52233.08133101852,20011120015707c_3769,644,0.22,0.7766453615432941,0.6708765431143464,20011120015707c,20,0.915579697
3770,270.15525765901214,2845.487995788231,345.5378898799612,20.26660500201757,18.527172858180307,2001-11-20T01:57:07,PALOM48,345.0098099362052,20.489553676724483,g,52233.08133101852,20011120015707c_3770,644,0.22,0.7766453615432941,0.6708765431143464,20011120015707c,20,0.003580034
3771,461.2465828270516,2845.453739196217,345.48099681535876,20.266484241899025,18.47716569770894,2001-11-20T01:57:07,PALOM48,345.0098099362052,20.489553676724483,g,52233.08133101852,20011120015707c_3771,644,0.22,0.7766453615432941,0.6708765431143464,20011120015707c,20,0.002928186
3772,987.0319650620128,2845.9124323264587,345.32445694427406,20.265914242391286,18.552033650364134,2001-11-20T01:57:07,PALOM48,345.0098099362052,20.489553676724483,g,52233.08133101852,20011120015707c_3772,644,0.22,0.7766453615432941,0.6708765431143464,20011120015707c,20,0.18783120036622575
3773,1347.9607417625316,2845.551068,345.2169996947018,20.26564073528281,18.705718966515978,2001-11-20T01:57:07,PALOM48,345.0098099362052,20.489553676724483,g,52233.08133101852,20011120015707c_3773,644,0.22,0.7766453615432941,0.6708765431143464,20011120015707c,20,0.8879466115864046
3774,1670.2537411457556,2845.550351619105,345.12104699300176,20.265257927633662,18.56878176872708,2001-11-20T01:57:07,PALOM48,345.0098099362052,20.489553676724483,g,52233.08133101852,20011120015707c_3774,644,0.22,0.7766453615432941,0.6708765431143464,20011120015707c,20,0.9781310997044819
3775,1722.3830108762688,2845.5815457199633,345.10552733356167,20.265182952009464,18.71807032,2001-11-20T01:57:07,PALOM48,345.0098099362052,20.489553676724483,g,52233.08133101852,20011120015707c_3775,644,0.22,0.7766453615432941,0.6708765431143464,20011120015707c,20,0.4128699613695867
3776,1812.8660491702694,2845.7201891918594,345.0785894275231,20.26502637663986,18.45275137801961,2001-11-20T01:57:07,PALOM48,345.0098099362052,20.489553676724483,g,52233.08133101852,20011120015707c_3776,644,0.22,0.7766453615432941,0.6708765431143464,20011120015707c,20,0.312034787
3778,2586.9831724571736,2846.9489560184397,344.8481341,20.263526667355507,20.392418712110356,2001-11-20T01:57:07,PALOM48,345.0098099362052,20.489553676724483,g,52233.08133101852,20011120015707c_3778,644,0.22,0.7766453615432941,0.6708765431143464,20011120015707c,20,0.071892917
3786,3346.876837387916,2851.753468241607,344.6219410712945,20.260791820452656,20.537012361745457,2001-11-20T01:57:07,PALOM48,345.0098099362052,20.489553676724483,g,52233.08133101852,20011120015707c_3786,644,0.22,0.7766453615432941,0.6708765431143464,20011120015707c,20,0.9924281343701115
3807,3492.2118431945387,2865.1711961045353,344.5787111086464,20.256750032404273,20.063806224525237,2001-11-20T01:57:07,PALOM48,345.0098099362052,20.489553676724483,g,52233.08133101852,20011120015707c_3807,644,0.22,0.7766453615432941,0.6708765431143464,20011120015707c,20,0.094411911
3823,1597.0669907032575,2876.7898023273556,345.14287301085096,20.256632176152756,20.91589351560109,2001-11-20T01:57:07,PALOM48,345.0098099362052,20.489553676724483,g,52233.08133101852,20011120015707c_3823,644,0.22,0.7766453615432941,0.6708765431143464,20011120015707c,20,0.4333913852872596
3831,10.335868584148445,2880.2251747502014,345.61525591581295,20.25706889633697,20.837012809144355,2001-11-20T01:57:07,PALOM48,345.0098099362052,20.489553676724483,g,52233.08133101852,20011120015707c_3831,644,0.22,0.7766453615432941,0.6708765431143464,20011120015707c,20,0.0604957
3842,687.2755065372718,2891.724274775878,345.41373372878536,20.25340232669714,22.23826375150597,2001-11-20T01:57:07,PALOM48,345.0098099362052,20.489553676724483,g,52233.08133101852,20011120015707c_3842,644,0.22,0.7766453615432941,0.6708765431143464,20011120015707c,20,0.7119325634683361
3887,1399.9855810195404,2927.6514230890034,345.2015993781311,20.24267493634469,19.916157558256565,2001-11-20T01:57:07,PALOM48,345.0098099362052,20.489553676724483,g,52233.08133101852,20011120015707c_3887,644,0.22,0.7766453615432941,0.6708765431143464,20011120015707c,20,0.9672528101117277
3978,2323.939766,3002.0375574091486,344.9266868599202,20.220664645017536,22.415008987747274,2001-11-20T01:57:07,PALOM48,345.0098099362052,20.489553676724483,g,52233.08133101852,20011120015707c_3978,644,0.22,0.7766453615432941,0.6708765431143464,20011120015707c,20,0.5917654809989369
3996,63.23954431244958,3016.4269879825088,345.59955309674734,20.219055846127805,17.507408151027782,2001-11-20T01:57:07,PALOM48,345.0098099362052,20.489553676724483,g,52233.08133101852,20011120015707c_3996,644,0.22,0.7766453615432941,0.6708765431143464,20011120015707c,20,0.918330897
4018,150.28359920210988,3029.322239619675,345.57365102009805,20.21540850812913,18.941134162085877,2001-11-20T01:57:07,PALOM48,345.0098099362052,20.489553676724483,g,52233.08133101852,20011120015707c_4018,644,0.22,0.7766453615432941,0.6708765431143464,20011120015707c,20,0.043807357
4019,549.4144848194476,3029.2041751569395,345.4548591779135,20.215164621113587,19.51327827793564,2001-11-20T01:57:07,PALOM48,345.0098099362052,20.489553676724483,g,52233.08133101852,20011120015707c_4019,644,0.22,0.7766453615432941,0.6708765431143464,20011120015707c,20,0.043052788
4020,580.4258912379648,3029.3250817508856,345.4456294414973,20.215106442660097,19.302976573278976,2001-11-20T01:57:07,PALOM48,345.0098099362052,20.489553676724483,g,52233.08133101852,20011120015707c_4020,644,0.22,0.7766453615432941,0.6708765431143464,20011120015707c,20,0.014111274
4021,635.6828948915863,3029.1317735729303,345.4291833808083,20.215115741051147,19.960047037413254,2001-11-20T01:57:07,PALOM48,345.0098099362052,20.489553676724483,g,52233.08133101852,20011120015707c_4021,644,0.22,0.7766453615432941,0.6708765431143464,20011120015707c,20,0.7534630472466343
4023,694.9294634266234,3029.2686801282894,345.41155014420747,20.215028208531674,19.662949835798788,2001-11-20T01:57:07,PALOM48,345.0098099362052,20.489553676724483,g,52233.08133101852,20011120015707c_4023,644,0.22,0.7766453615432941,0.6708765431143464,20011120015707c,20,0.062022159970571145
4024,849.1067373782547,3029.4951743053352,345.3656631974898,20.214829354224268,19.529502546717165,2001-11-20T01:57:07,PALOM48,345.0098099362052,20.489553676724483,g,52233.08133101852,20011120015707c_4024,644,0.22,0.7766453615432941,0.6708765431143464,20011120015707c,20,0.069298909
4026,1009.073062683216,3028.9239701812007,345.31805277702244,20.21483684750869,19.567285054915654,2001-11-20T01:57:07,PALOM48,345.0098099362052,20.489553676724483,g,52233.08133101852,20011120015707c_4026,644,0.22,0.7766453615432941,0.6708765431143464,20011120015707c,20,0.5898771566746924
4027,1191.6952326125434,3029.4288077134624,345.2637005998449,20.214508826993388,19.239052827504082,2001-11-20T01:57:07,PALOM48,345.0098099362052,20.489553676724483,g,52233.08133101852,20011120015707c_4027,644,0.22,0.7766453615432941,0.6708765431143464,20011120015707c,20,0.19453203493820317
4028,1298.3200883407287,3029.2002833521683,345.2319665,20.21445649304314,18.901863106045212,2001-11-20T01:57:07,PALOM48,345.0098099362052,20.489553676724483,g,52233.08133101852,20011120015707c_4028,644,0.22,0.7766453615432941,0.6708765431143464,20011120015707c,20,0.2218126874968141
4029,1344.0956309931391,3029.210109855142,345.21834274181543,20.214402371481107,19.303528893258886,2001-11-20T01:57:07,PALOM48,345.0098099362052,20.489553676724483,g,52233.08133101852,20011120015707c_4029,644,0.22,0.7766453615432941,0.6708765431143464,20011120015707c,20,0.046253078
4030,1402.5783859099224,3029.6027736315564,345.20093751512786,20.214225822256758,17.89120770829733,2001-11-20T01:57:07,PALOM48,345.0098099362052,20.489553676724483,g,52233.08133101852,20011120015707c_4030,644,0.22,0.7766453615432941,0.6708765431143464,20011120015707c,20,0.7372026888138655
4031,298.9417306029076,3029.6752696708204,345.5294067,20.215215162415788,19.235265703476884,2001-11-20T01:57:07,PALOM48,345.0098099362052,20.489553676724483,g,52233.08133101852,20011120015707c_4031,644,0.22,0.7766453615432941,0.6708765431143464,20011120015707c,20,0.7958442926374085
4033,618.7148280110732,3029.7755579164814,345.43423394076626,20.21495000790484,20.06992032781431,2001-11-20T01:57:07,PALOM48,345.0098099362052,20.489553676724483,g,52233.08133101852,20011120015707c_4033,644,0.22,0.7766453615432941,0.6708765431143464,20011120015707c,20,0.994079468
4054,1454.7604110170628,3042.2782840335653,345.18542116191287,20.210628007180045,19.305588158044714,2001-11-20T01:57:07,PALOM48,345.0098099362052,20.489553676724483,g,52233.08133101852,20011120015707c_4054,644,0.22,0.7766453615432941,0.6708765431143464,20011120015707c,20,0.9871948719006961
4076,3500.2594060623237,3058.9976193291154,344.57674797992706,20.202617943445226,14.848584528535323,2001-11-20T01:57:07,PALOM48,345.0098099362052,20.489553676724483,g,52233.08133101852,20011120015707c_4076,644,0.22,0.7766453615432941,0.6708765431143464,20011120015707c,20,0.2691361981616177
4080,3940.400661269528,3061.115886979229,344.4457990079306,20.201065543174717,19.820024383522355,2001-11-20T01:57:07,PALOM48,345.0098099362052,20.489553676724483,g,52233.08133101852,20011120015707c_4080,644,0.22,0.7766453615432941,0.6708765431143464,20011120015707c,20,0.20641290557923173
4083,3439.930505369426,3061.7963108599024,344.59470438425745,20.201961622619486,19.954676742627505,2001-11-20T01:57:07,PALOM48,345.0098099362052,20.489553676724483,g,52233.08133101852,20011120015707c_4083,644,0.22,0.7766453615432941,0.6708765431143464,20011120015707c,20,0.5187239736057377
4095,306.7233071948102,3075.0095319382676,345.5271122904393,20.202565635453997,20.629625356062334,2001-11-20T01:57:07,PALOM48,345.0098099362052,20.489553676724483,g,52233.08133101852,20011120015707c_4095,644,0.22,0.7766453615432941,0.6708765431143464,20011120015707c,20,0.7063069242796971
4096,15.72316787067766,3076.032974904169,345.61371438367235,20.202459167074984,19.536957412496882,2001-11-20T01:57:07,PALOM48,345.0098099362052,20.489553676724483,g,52233.08133101852,20011120015707c_4096,644,0.22,0.7766453615432941,0.6708765431143464,20011120015707c,20,0.4175422087479145
4108,4048.682721,3083.961120206433,344.41364154227057,20.194436729512287,18.276875736152213,2001-11-20T01:57:07,PALOM48,345.0098099362052,20.489553676724483,g,52233.08133101852,20011120015707c_4108,644,0.22,0.7766453615432941,0.6708765431143464,20011120015707c,20,0.9946395532160616
4118,3594.0056572542294,3088.0725291561257,344.5489213137241,20.19430253,19.683693459381608,2001-11-20T01:57:07,PALOM48,345.0098099362052,20.489553676724483,g,52233.08133101852,20011120015707c_4118,644,0.22,0.7766453615432941,0.6708765431143464,20011120015707c,20,0.4694168643654072
4152,3441.0208108531483,3113.9412845244065,344.5944944028775,20.18740075523661,19.22208744454611,2001-11-20T01:57:07,PALOM48,345.0098099362052,20.489553676724483,g,52233.08133101852,20011120015707c_4152,644,0.22,0.7766453615432941,0.6708765431143464,20011120015707c,20,0.4269042575117014
4154,1984.0699612064739,3115.3654686740097,345.0279968775929,20.189543543408114,19.679345488126927,2001-11-20T01:57:07,PALOM48,345.0098099362052,20.489553676724483,g,52233.08133101852,20011120015707c_4154,644,0.22,0.7766453615432941,0.6708765431143464,20011120015707c,20,0.3143144515971992
4156,3267.279619002398,3114.3535101534935,344.64618591376467,20.187637693578225,19.048525227037935,2001-11-20T01:57:07,PALOM48,345.0098099362052,20.489553676724483,g,52233.08133101852,20011120015707c_4156,644,0.22,0.7766453615432941,0.6708765431143464,20011120015707c,20,0.041645954
4157,3832.059958,3114.987958065289,344.47816208978696,20.186267578723204,19.310365068323197,2001-11-20T01:57:07,PALOM48,345.0098099362052,20.489553676724483,g,52233.08133101852,20011120015707c_4157,644,0.22,0.7766453615432941,0.6708765431143464,20011120015707c,20,0.24796949192266188
4158,3840.5570533652003,3115.04868,344.4756344262846,20.186231602913445,19.580473284932733,2001-11-20T01:57:07,PALOM48,345.0098099362052,20.489553676724483,g,52233.08133101852,20011120015707c_4158,644,0.22,0.7766453615432941,0.6708765431143464,20011120015707c,20,0.6834516936662253
4173,1449.5522139981858,3126.9267999376075,345.1870644863063,20.187015125875025,20.212939380097243,2001-11-20T01:57:07,PALOM48,345.0098099362052,20.489553676724483,g,52233.08133101852,20011120015707c_4173,644,0.22,0.7766453615432941,0.6708765431143464,20011120015707c,20,0.7808982696829204
4187,2155.1410657370943,3134.0112006815116,344.9771208121898,20.184089877590804,19.495381371532734,2001-11-20T01:57:07,PALOM48,345.0098099362052,20.489553676724483,g,52233.08133101852,20011120015707c_4187,644,0.22,0.7766453615432941,0.6708765431143464,20011120015707c,20,0.42947852267382913
4207,2660.2030502571406,3149.7388585368462,344.8268725752247,20.17888612456162,18.085085740012836,2001-11-20T01:57:07,PALOM48,345.0098099362052,20.489553676724483,g,52233.08133101852,20011120015707c_4207,644,0.22,0.7766453615432941,0.6708765431143464,20011120015707c,20,0.6825986849327369
4260,3936.2864784050644,3185.086826735827,344.4473286667787,20.16645802761654,19.91400544827339,2001-11-20T01:57:07,PALOM48,345.0098099362052,20.489553676724483,g,52233.08133101852,20011120015707c_4260,644,0.22,0.7766453615432941,0.6708765431143464,20011120015707c,20,0.5382590270341082
4261,211.7087996791096,3186.214800242781,345.55543574179393,20.171612423485666,19.40879479,2001-11-20T01:57:07,PALOM48,345.0098099362052,20.489553676724483,g,52233.08133101852,20011120015707c_4261,644,0.22,0.7766453615432941,0.6708765431143464,20011120015707c,20,0.8670899243759717
4262,274.6761861414858,3186.016526133357,345.5367003388652,20.171626010036405,20.109330440691707,2001-11-20T01:57:07,PALOM48,345.0098099362052,20.489553676724483,g,52233.08133101852,20011120015707c_4262,644,0.22,0.7766453615432941,0.6708765431143464,20011120015707c,20,0.13724369685598528
4263,320.97149460285266,3185.7421307849595,345.5229254898293,20.171670761210645,19.30290962965232,2001-11-20T01:57:07,PALOM48,345.0098099362052,20.489553676724483,g,52233.08133101852,20011120015707c_4263,644,0.22,0.7766453615432941,0.6708765431143464,20011120015707c,20,0.9308079542292435
4264,759.0311941628164,3186.564892672354,345.3925855834605,20.171093797360854,19.784529195376646,2001-11-20T01:57:07,PALOM48,345.0098099362052,20.489553676724483,g,52233.08133101852,20011120015707c_4264,644,0.22,0.7766453615432941,0.6708765431143464,20011120015707c,20,0.9917981865699621
4266,1163.6727340667599,3186.449260120288,345.2721891252397,20.17073000834914,18.95600960981558,2001-11-20T01:57:07,PALOM48,345.0098099362052,20.489553676724483,g,52233.08133101852,20011120015707c_4266,644,0.22,0.7766453615432941,0.6708765431143464,20011120015707c,20,0.052298339
4267,1409.3325979062088,3186.634473431622,345.1990968846402,20.170402716931203,18.839977222574433,2001-11-20T01:57:07,PALOM48,345.0098099362052,20.489553676724483,g,52233.08133101852,20011120015707c_4267,644,0.22,0.7766453615432941,0.6708765431143464,20011120015707c,20,0.6609338647083823
4268,303.1280146746835,3186.4785338491274,345.5282349941252,20.171477727432855,19.236164342398276,2001-11-20T01:57:07,PALOM48,345.0098099362052,20.489553676724483,g,52233.08133101852,20011120015707c_4268,644,0.22,0.7766453615432941,0.6708765431143464,20011120015707c,20,0.3113734877355702
4272,713.9489513470755,3187.679621639606,345.40600011708824,20.17082249636126,19.359381745332705,2001-11-20T01:57:07,PALOM48,345.0098099362052,20.489553676724483,g,52233.08133101852,20011120015707c_4272,644,0.22,0.7766453615432941,0.6708765431143464,20011120015707c,20,0.078639105
4289,1458.3886827208232,3197.0043401368403,345.1845125382132,20.16745100092841,19.11084748204231,2001-11-20T01:57:07,PALOM48,345.0098099362052,20.489553676724483,g,52233.08133101852,20011120015707c_4289,644,0.22,0.7766453615432941,0.6708765431143464,20011120015707c,20,0.8443235613349607
4311,3458.112673334989,3215.490908,344.58963300665073,20.159012855493195,20.56164550220831,2001-11-20T01:57:07,PALOM48,345.0098099362052,20.489553676724483,g,52233.08133101852,20011120015707c_4311,644,0.22,0.7766453615432941,0.6708765431143464,20011120015707c,20,0.11299308536936792
4342,2257.245681788644,3236.7307708671765,344.94689853435915,20.15526534226691,21.484049120172156,2001-11-20T01:57:07,PALOM48,345.0098099362052,20.489553676724483,g,52233.08133101852,20011120015707c_4342,644,0.22,0.7766453615432941,0.6708765431143464,20011120015707c,20,0.9090951754437112
4375,4008.9879498725763,3257.1458543472736,344.42588431112836,20.1461686,19.161592373060028,2001-11-20T01:57:07,PALOM48,345.0098099362052,20.489553676724483,g,52233.08133101852,20011120015707c_4375,644,0.22,0.7766453615432941,0.6708765431143464,20011120015707c,20,0.2607103592625846
4391,575.1341507835554,3272.2453566725544,345.4473554546336,20.147349797325973,19.89772882461005,2001-11-20T01:57:07,PALOM48,345.0098099362052,20.489553676724483,g,52233.08133101852,20011120015707c_4391,644,0.22,0.7766453615432941,0.6708765431143464,20011120015707c,20,0.35544004350862823
4411,2380.8631806792455,3279.345513042152,344.9101926216004,20.143175566104055,18.24376134,2001-11-20T01:57:07,PALOM48,345.0098099362052,20.489553676724483,g,52233.08133101852,20011120015707c_4411,644,0.22,0.7766453615432941,0.6708765431143464,20011120015707c,20,0.081334406
4440,2551.992701596232,3302.8997320396825,344.8593288137462,20.13631865803033,20.073031538825955,2001-11-20T01:57:07,PALOM48,345.0098099362052,20.489553676724483,g,52233.08133101852,20011120015707c_4440,644,0.22,0.7766453615432941,0.6708765431143464,20011120015707c,20,0.6615451715975279
4505,3875.8229771575957,3342.2269818955024,344.4656951395131,20.12271667628312,21.392018882464733,2001-11-20T01:57:07,PALOM48,345.0098099362052,20.489553676724483,g,52233.08133101852,20011120015707c_4505,644,0.22,0.7766453615432941,0.6708765431143464,20011120015707c,20,0.451106933
4511,3571.7609338410753,3344.870364295904,344.5561207222775,20.12264942,21.995810906991462,2001-11-20T01:57:07,PALOM48,345.0098099362052,20.489553676724483,g,52233.08133101852,20011120015707c_4511,644,0.22,0.7766453615432941,0.6708765431143464,20011120015707c,20,0.9665136437492661
4558,2093.1439740093697,3375.5527176077144,344.9959185664605,20.116770527650015,20.201826964091673,2001-11-20T01:57:07,PALOM48,345.0098099362052,20.489553676724483,g,52233.08133101852,20011120015707c_4558,644,0.22,0.7766453615432941,0.6708765431143464,20011120015707c,20,0.8391082718527232
4591,367.03052523845895,3398.983571763352,345.50932884490356,20.11215954598946,22.732717045699005,2001-11-20T01:57:07,PALOM48,345.0098099362052,20.489553676724483,g,52233.08133101852,20011120015707c_4591,644,0.22,0.7766453615432941,0.6708765431143464,20011120015707c,20,0.29388998165847335
4646,2828.2906668670066,3438.8699282286457,344.7773991314443,20.097878529098967,20.520942710680643,2001-11-20T01:57:07,PALOM48,345.0098099362052,20.489553676724483,g,52233.08133101852,20011120015707c_4646,644,0.22,0.7766453615432941,0.6708765431143464,20011120015707c,20,0.01895109
4668,1022.7520006447194,3450.670145188639,345.31434660546404,20.097160635242044,17.30939071143717,2001-11-20T01:57:07,PALOM48,345.0098099362052,20.489553676724483,g,52233.08133101852,20011120015707c_4668,644,0.22,0.7766453615432941,0.6708765431143464,20011120015707c,20,0.5300255330770578
4691,77.54171612501398,3463.3192491361015,345.59545174645905,20.09441168207368,20.46303516772005,2001-11-20T01:57:07,PALOM48,345.0098099362052,20.489553676724483,g,52233.08133101852,20011120015707c_4691,644,0.22,0.7766453615432941,0.6708765431143464,20011120015707c,20,0.5978116418844281
4712,3463.7889866914384,3473.0622052567933,344.5885115042394,20.08708583925573,18.995460518168315,2001-11-20T01:57:07,PALOM48,345.0098099362052,20.489553676724483,g,52233.08133101852,20011120015707c_4712,644,0.22,0.7766453615432941,0.6708765431143464,20011120015707c,20,0.5565646093540602
4713,3561.2393335680918,3473.081777682634,344.55953848878164,20.086873422778655,20.346928967848193,2001-11-20T01:57:07,PALOM48,345.0098099362052,20.489553676724483,g,52233.08133101852,20011120015707c_4713,644,0.22,0.7766453615432941,0.6708765431143464,20011120015707c,20,0.8873422929269714
4771,930.1225649,3512.1255709739876,345.3419438152201,20.080108963976393,21.144530900962696,2001-11-20T01:57:07,PALOM48,345.0098099362052,20.489553676724483,g,52233.08133101852,20011120015707c_4771,644,0.22,0.7766453615432941,0.6708765431143464,20011120015707c,20,0.048640225
4774,981.6653039267821,3513.7572364028647,345.3266184260359,20.079601791687438,20.864870501093094,2001-11-20T01:57:07,PALOM48,345.0098099362052,20.489553676724483,g,52233.08133101852,20011120015707c_4774,644,0.22,0.7766453615432941,0.6708765431143464,20011120015707c,20,0.6176317582411638
4837,3892.721032347567,3547.850532053845,344.4611707287785,20.065259745220896,18.319350350092765,2001-11-20T01:57:07,PALOM48,345.0098099362052,20.489553676724483,g,52233.08133101852,20011120015707c_4837,644,0.22,0.7766453615432941,0.6708765431143464,20011120015707c,20,0.9999988284616466
4865,148.00147010867036,3569.235106590479,345.57453833393504,20.064825979910584,19.514003633575165,2001-11-20T01:57:07,PALOM48,345.0098099362052,20.489553676724483,g,52233.08133101852,20011120015707c_4865,644,0.22,0.7766453615432941,0.6708765431143464,20011120015707c,20,0.3826973404816755
4916,1432.251275875835,3601.820770332432,345.1927291028472,20.054525021462204,22.25623725262017,2001-11-20T01:57:07,PALOM48,345.0098099362052,20.489553676724483,g,52233.08133101852,20011120015707c_4916,644,0.22,0.7766453615432941,0.6708765431143464,20011120015707c,20,0.12245681180555701
4929,3309.7370563648587,3617.448393112009,344.63461871008735,20.047092064991933,16.835003785030047,2001-11-20T01:57:07,PALOM48,345.0098099362052,20.489553676724483,g,52233.08133101852,20011120015707c_4929,644,0.22,0.7766453615432941,0.6708765431143464,20011120015707c,20,0.6904120029425093
4955,263.43419526581624,3637.183185021916,345.54024684479884,20.04579447888479,20.57192943615118,2001-11-20T01:57:07,PALOM48,345.0098099362052,20.489553676724483,g,52233.08133101852,20011120015707c_4955,644,0.22,0.7766453615432941,0.6708765431143464,20011120015707c,20,0.041472895384626805
5022,2478.697353920018,3676.636794960661,344.8817498007428,20.032120414863673,19.848179437148865,2001-11-20T01:57:07,PALOM48,345.0098099362052,20.489553676724483,g,52233.08133101852,20011120015707c_5022,644,0.22,0.7766453615432941,0.6708765431143464,20011120015707c,20,0.9961385939743713
5035,394.0713022347855,3683.242395688178,345.5014329745477,20.0328493,20.851810538295815,2001-11-20T01:57:07,PALOM48,345.0098099362052,20.489553676724483,g,52233.08133101852,20011120015707c_5035,644,0.22,0.7766453615432941,0.6708765431143464,20011120015707c,20,0.022940188802671773
5044,750.7809037082673,3685.854100711975,345.39539640059184,20.031814994283728,20.88651822754895,2001-11-20T01:57:07,PALOM48,345.0098099362052,20.489553676724483,g,52233.08133101852,20011120015707c_5044,644,0.22,0.7766453615432941,0.6708765431143464,20011120015707c,20,0.8790123631322986
5085,133.6025524059266,3711.9537012194173,345.57887265164254,20.025029436914483,19.602270434661015,2001-11-20T01:57:07,PALOM48,345.0098099362052,20.489553676724483,g,52233.08133101852,20011120015707c_5085,644,0.22,0.7766453615432941,0.6708765431143464,20011120015707c,20,0.8923153944605745
5095,128.64254929668218,3717.3324083829657,345.5803490011422,20.02353255031288,19.597224686065402,2001-11-20T01:57:07,PALOM48,345.0098099362052,20.489553676724483,g,52233.08133101852,20011120015707c_5095,644,0.22,0.7766453615432941,0.6708765431143464,20011120015707c,20,0.4285018430068605
5099,104.34961937400004,3717.7799385159037,345.5875702031588,20.023423797342865,19.40547151858653,2001-11-20T01:57:07,PALOM48,345.0098099362052,20.489553676724483,g,52233.08133101852,20011120015707c_5099,644,0.22,0.7766453615432941,0.6708765431143464,20011120015707c,20,0.3600702791412735
5100,612.8622148243496,3718.151171145375,345.4364154628156,20.022930139082803,19.312508857801276,2001-11-20T01:57:07,PALOM48,345.0098099362052,20.489553676724483,g,52233.08133101852,20011120015707c_5100,644,0.22,0.7766453615432941,0.6708765431143464,20011120015707c,20,0.8933859521869529
5101,694.8422189519421,3718.028409332594,345.4120469039263,20.022890931549604,19.56126635490976,2001-11-20T01:57:07,PALOM48,345.0098099362052,20.489553676724483,g,52233.08133101852,20011120015707c_5101,644,0.22,0.7766453615432941,0.6708765431143464,20011120015707c,20,0.8182390697091594
5102,805.6919242966355,3718.1891927903844,345.37909708845154,20.02274209186179,19.99341624411648,2001-11-20T01:57:07,PALOM48,345.0098099362052,20.489553676724483,g,52233.08133101852,20011120015707c_5102,644,0.22,0.7766453615432941,0.6708765431143464,20011120015707c,20,0.26536618436035875
5103,1210.8222028085827,3717.8702090232164,345.2586730679602,20.022405447187662,21.70379223028205,2001-11-20T01:57:07,PALOM48,345.0098099362052,20.489553676724483,g,52233.08133101852,20011120015707c_5103,644,0.22,0.7766453615432941,0.6708765431143464,20011120015707c,20,0.8128499128929291
5104,1336.7004146392674,3717.8744964805123,345.2212564830708,20.022257419975436,19.14017522322837,2001-11-20T01:57:07,PALOM48,345.0098099362052,20.489553676724483,g,52233.08133101852,20011120015707c_5104,644,0.22,0.7766453615432941,0.6708765431143464,20011120015707c,20,0.8248139574450829
5123,2936.2051934026863,3727.0535263393435,344.7458595372068,20.01722727005924,21.240421799921318,2001-11-20T01:57:07,PALOM48,345.0098099362052,20.489553676724483,g,52233.08133101852,20011120015707c_5123,644,0.22,0.7766453615432941,0.6708765431143464,20011120015707c,20,0.681998605
5135,2290.5441903744863,3734.9390327843807,344.9377674732365,20.01615714027065,19.808306434794925,2001-11-20T01:57:07,PALOM48,345.0098099362052,20.489553676724483,g,52233.08133101852,20011120015707c_5135,644,0.22,0.7766453615432941,0.6708765431143464,20011120015707c,20,0.9955143915112927
5247,1409.6844791948104,3804.904474,345.1996554025669,19.997884204860902,20.37003325282361,2001-11-20T01:57:07,PALOM48,345.0098099362052,20.489553676724483,g,52233.08133101852,20011120015707c_5247,644,0.22,0.7766453615432941,0.6708765431143464,20011120015707c,20,0.008764329
5270,1772.8544050006874,3815.230448887536,345.09173731184364,19.99452564960498,20.730103955208463,2001-11-20T01:57:07,PALOM48,345.0098099362052,20.489553676724483,g,52233.08133101852,20011120015707c_5270,644,0.22,0.7766453615432941,0.6708765431143464,20011120015707c,20,0.032186844556049546
5276,1611.6401982913742,3821.036710989822,345.1396545031362,19.993124259981368,21.268828121657393,2001-11-20T01:57:07,PALOM48,345.0098099362052,20.489553676724483,g,52233.08133101852,20011120015707c_5276,644,0.22,0.7766453615432941,0.6708765431143464,20011120015707c,20,0.7519407332740816
5280,614.4407935995489,3824.4137744544255,345.43601346330036,19.993285262147005,22.31809187263025,2001-11-20T01:57:07,PALOM48,345.0098099362052,20.489553676724483,g,52233.08133101852,20011120015707c_5280,644,0.22,0.7766453615432941,0.6708765431143464,20011120015707c,20,0.00486632
5302,1771.776889648587,3835.2033223656813,345.09208278795967,19.98895320725234,18.745010638668255,2001-11-20T01:57:07,PALOM48,345.0098099362052,20.489553676724483,g,52233.08133101852,20011120015707c_5302,644,0.22,0.7766453615432941,0.6708765431143464,20011120015707c,20,0.9965611235119562
5330,1782.5383322573819,3853.706631656179,345.0889082906234,19.98377433,19.740949872252255,2001-11-20T01:57:07,PALOM48,345.0098099362052,20.489553676724483,g,52233.08133101852,20011120015707c_5330,644,0.22,0.7766453615432941,0.6708765431143464,20011120015707c,20,0.9962654141781859
5333,254.79197726725403,3856.1528546535665,345.5429116987985,19.98472397293878,18.505948553174335,2001-11-20T01:57:07,PALOM48,345.0098099362052,20.489553676724483,g,52233.08133101852,20011120015707c_5333,644,0.22,0.7766453615432941,0.6708765431143464,20011120015707c,20,0.7296299587972356
5368,1454.4745287708652,3876.303388408043,345.18642192074896,19.977904856248276,19.538425014961916,2001-11-20T01:57:07,PALOM48,345.0098099362052,20.489553676724483,g,52233.08133101852,20011120015707c_5368,644,0.22,0.7766453615432941,0.6708765431143464,20011120015707c,20,0.059014228689653954
5408,198.11783868774603,3900.8214891878956,345.5597717633551,19.97230578380037,21.18967476470055,2001-11-20T01:57:07,PALOM48,345.0098099362052,20.489553676724483,g,52233.08133101852,20011120015707c_5408,644,0.22,0.7766453615432941,0.6708765431143464,20011120015707c,20,0.8193108
5475,3947.950098975523,3933.884791207897,344.44570248510297,19.95733118108365,18.589418645581475,2001-11-20T01:57:07,PALOM48,345.0098099362052,20.489553676724483,g,52233.08133101852,20011120015707c_5475,644,0.22,0.7766453615432941,0.6708765431143464,20011120015707c,20,0.722833726
5482,713.6498095656062,3937.1113374967294,345.40660664916714,19.961754870198234,20.989186628680592,2001-11-20T01:57:07,PALOM48,345.0098099362052,20.489553676724483,g,52233.08133101852,20011120015707c_5482,644,0.22,0.7766453615432941,0.6708765431143464,20011120015707c,20,0.06399383
5523,484.25433316349626,3964.2601153271107,345.47478196182794,19.95438660417147,20.01552697423385,2001-11-20T01:57:07,PALOM48,345.0098099362052,20.489553676724483,g,52233.08133101852,20011120015707c_5523,644,0.22,0.7766453615432941,0.6708765431143464,20011120015707c,20,0.3657034242235563
5570,94.62561602554095,4000.7352454361567,345.5905588733138,19.944509994610556,19.85197559918673,2001-11-20T01:57:07,PALOM48,345.0098099362052,20.489553676724483,g,52233.08133101852,20011120015707c_5570,644,0.22,0.7766453615432941,0.6708765431143464,20011120015707c,20,0.068387714
5586,3412.9912284986317,4010.1094138452963,344.60477676444725,19.937242079352504,18.78469394775948,2001-11-20T01:57:07,PALOM48,345.0098099362052,20.489553676724483,g,52233.08133101852,20011120015707c_5586,644,0.22,0.7766453615432941,0.6708765431143464,20011120015707c,20,0.947198568
5587,461.9366923851039,4012.251717960398,345.48143905041326,19.94101793056752,18.58304368530512,2001-11-20T01:57:07,PALOM48,345.0098099362052,20.489553676724483,g,52233.08133101852,20011120015707c_5587,644,0.22,0.7766453615432941,0.6708765431143464,20011120015707c,20,0.43194389198631294
5590,1003.7618358219856,4012.8427448779585,345.3204699,19.940333189256982,16.46271416392154,2001-11-20T01:57:07,PALOM48,345.0098099362052,20.489553676724483,g,52233.08133101852,20011120015707c_5590,644,0.22,0.7766453615432941,0.6708765431143464,20011120015707c,20,0.3416036093940882
5603,3245.574989527538,4022.9698405579875,344.65453023185546,19.934000576272137,16.74857681799734,2001-11-20T01:57:07,PALOM48,345.0098099362052,20.489553676724483,g,52233.08133101852,20011120015707c_5603,644,0.22,0.7766453615432941,0.6708765431143464,20011120015707c,20,0.9999980466260654
5611,3248.865403897747,4027.6866710534396,344.65356266151736,19.93267686078906,16.731151067597086,2001-11-20T01:57:07,PALOM48,345.0098099362052,20.489553676724483,g,52233.08133101852,20011120015707c_5611,644,0.22,0.7766453615432941,0.6708765431143464,20011120015707c,20,0.9470195826891531
5623,24.080243560662254,4036.9567319949733,345.61152853630034,19.934454425217915,18.545990854606572,2001-11-20T01:57:07,PALOM48,345.0098099362052,20.489553676724483,g,52233.08133101852,20011120015707c_5623,644,0.22,0.7766453615432941,0.6708765431143464,20011120015707c,20,0.24461214845133614
5624,43.131829542811424,4036.7205585957436,345.60586873758723,19.93450775299845,18.365686165754497,2001-11-20T01:57:07,PALOM48,345.0098099362052,20.489553676724483,g,52233.08133101852,20011120015707c_5624,644,0.22,0.7766453615432941,0.6708765431143464,20011120015707c,20,0.19056060479762812
5625,275.1205951014992,4037.1483334210657,345.53695099088276,19.934223053918558,18.843456456842247,2001-11-20T01:57:07,PALOM48,345.0098099362052,20.489553676724483,g,52233.08133101852,20011120015707c_5625,644,0.22,0.7766453615432941,0.6708765431143464,20011120015707c,20,0.10822901723409117
5626,299.95727450825865,4037.2179853787234,345.52957267268573,19.934184534889926,18.547690115157796,2001-11-20T01:57:07,PALOM48,345.0098099362052,20.489553676724483,g,52233.08133101852,20011120015707c_5626,644,0.22,0.7766453615432941,0.6708765431143464,20011120015707c,20,0.12101244764254408
5628,867.8715417224458,4038.3211869469474,345.36086060780383,19.933367183192882,19.892698646738836,2001-11-20T01:57:07,PALOM48,345.0098099362052,20.489553676724483,g,52233.08133101852,20011120015707c_5628,644,0.22,0.7766453615432941,0.6708765431143464,20011120015707c,20,0.066827921
5632,1006.3589466995252,4040.202330115318,345.31972138414926,19.932696829356598,20.023792879415893,2001-11-20T01:57:07,PALOM48,345.0098099362052,20.489553676724483,g,52233.08133101852,20011120015707c_5632,644,0.22,0.7766453615432941,0.6708765431143464,20011120015707c,20,0.00436604
5642,1125.020384729827,4044.7742562494454,345.2844747236921,19.931289859175642,18.990119706311994,2001-11-20T01:57:07,PALOM48,345.0098099362052,20.489553676724483,g,52233.08133101852,20011120015707c_5642,644,0.22,0.7766453615432941,0.6708765431143464,20011120015707c,20,0.8455239219909888